{"initial_reset_timestamp": 37215.212142541, "timestamps": [37222.342587125], "episode_lengths": [1000], "episode_rewards": [3967.8568815499057], "episode_types": ["t"]}