{"initial_reset_timestamp": 47154.459317166, "timestamps": [47162.007398333], "episode_lengths": [1000], "episode_rewards": [5121.605973702883], "episode_types": ["t"]}