{"initial_reset_timestamp": 47307.077393916, "timestamps": [47314.370099375], "episode_lengths": [1000], "episode_rewards": [4125.549622033054], "episode_types": ["t"]}