{"initial_reset_timestamp": 47203.911385, "timestamps": [47211.425243083], "episode_lengths": [1000], "episode_rewards": [3600.9435226628802], "episode_types": ["t"]}