{"initial_reset_timestamp": 47105.534081, "timestamps": [47113.246875708], "episode_lengths": [1000], "episode_rewards": [4407.345542468952], "episode_types": ["t"]}