{"initial_reset_timestamp": 46682.470949125, "timestamps": [46684.449609958], "episode_lengths": [104], "episode_rewards": [226.50663817424464], "episode_types": ["t"]}