{"initial_reset_timestamp": 36963.965072666, "timestamps": [36971.956552125], "episode_lengths": [1000], "episode_rewards": [3621.4716233266686], "episode_types": ["t"]}