{"initial_reset_timestamp": 37141.560027791, "timestamps": [37148.715638], "episode_lengths": [1000], "episode_rewards": [3595.57869321318], "episode_types": ["t"]}