{"initial_reset_timestamp": 37259.99103375, "timestamps": [37267.14469625], "episode_lengths": [1000], "episode_rewards": [3405.306714525675], "episode_types": ["t"]}