{"initial_reset_timestamp": 37086.635304708, "timestamps": [37093.89681925], "episode_lengths": [1000], "episode_rewards": [3937.9484410795735], "episode_types": ["t"]}